,event_id,state,city,location,event_summary,multiple_perps(y/n),attack_succeeded(y/n),suicide_attack(y/n),attack_type,target_type,target_subtype,preps_group_name,affiliated(y/n),no_of_perps,people_killed,people_wounded,weapon_type,date
0,201501050067,Northern Ireland,Balleymoney,,"01/05/2015: Assailants attacked Brian McIlhagga in Ballymoney city, Ballymoney district, Northern Ireland, United Kingdom. McIlhagga was killed and another person was injured in the attack. No group claimed responsibility; however, sources attributed the incident to loyalists.",False,True,False,Armed Assault,Private Citizens & Property,Named Civilian,Loyalists,True,4,1,1,Firearms,2015-01-05
1,201501080057,Northern Ireland,Belfast,,"01/08/2015: An explosive device hidden inside a package addressed to Police Service of Northern Ireland (PSNI) Chief Constable George Hamilton was discovered and defused in Knock Road area, Belfast city, Belfast district, Northern Ireland, United Kingdom. No group claimed responsibility for the incident.",False,False,False,Bombing/Explosion,Police,Police Security Forces/Officers,,True,,0,0,Explosives,2015-01-08
2,201501170069,Northern Ireland,Londonderry,,"01/17/2015: Assailants opened fire on patrons at a bar in Londonderry city, Londonderry district, Northern Ireland, United Kingdom. No casualties were reported. No group claimed responsibility for the incident; however, sources attributed the attack to dissident republicans.",False,True,False,Armed Assault,Business,Restaurant/Bar/Café,Dissident Republicans,True,,0,0,Firearms,2015-01-17
3,201501200046,Northern Ireland,Belfast,,"01/20/2015: An explosive device was discovered and defused in Belfast city, Belfast district, Northern Ireland, United Kingdom. No group claimed responsibility for the incident.",False,False,False,Bombing/Explosion,,,,True,,0,0,Explosives,2015-01-20
4,201501300075,Northern Ireland,Belfast,,"01/30/2015: Assailants opened fire on a civilian at a fast food restaurant in Belfast city, Northern Ireland, United Kingdom. The civilian, identified as Harry McMahon, was wounded in the attack. No group claimed responsibility; however, sources attributed the incident to dissident republicans.",False,True,False,Armed Assault,Private Citizens & Property,Named Civilian,Dissident Republicans,True,,0,1,Firearms,2015-01-30
5,201501300076,Northern Ireland,Belfast,,"01/30/2015: Assailants opened fire on a civilian in New Lodge area, Belfast city, Northern Ireland, United Kingdom. The civilian was wounded in the attack. No group claimed responsibility for the incident.",False,True,False,Armed Assault,Private Citizens & Property,Unnamed Civilian/Unspecified,,True,,0,1,Firearms,2015-01-30
6,201502040037,Northern Ireland,Belfast,The incident occurred in the St. James Road area of the city.,"02/04/2015: An explosive device detonated underneath a civilian vehicle in St. James Road area, Belfast city, Northern Ireland, United Kingdom. This was one of four related attacks near midnight between February 4 and February 5, 2015. No group claimed responsibility for the incident; however, sources attributed the attack to dissident republicans.",True,True,False,Bombing/Explosion,Private Citizens & Property,Vehicles/Transportation,Dissident Republicans,True,,0,0,Explosives,2015-02-04
7,201502040104,Northern Ireland,Newtownabbey,The incident occurred at the Ashford Lodge area of the city.,"02/04/2015: An explosive device was thrown into the Ashford Lodge area of Newtownabbey, Northern Ireland, United Kingdom. The bomb was safely defused by police. No group claimed responsibility for the incident.",False,False,False,Bombing/Explosion,,,,True,,0,0,Explosives,2015-02-04
8,201502050029,Northern Ireland,Belfast,The incident occurred in the North Queen Street area of the city.,"02/05/2015: An explosive device was discovered and defused in North Queen Street area, Belfast city, Belfast district, Northern Ireland, United Kingdom. This was one of four related attacks near midnight between February 4 and February 5, 2015. No group claimed responsibility for the incident; however, sources attributed the attack to dissident republicans.",True,False,False,Bombing/Explosion,,,Dissident Republicans,True,,0,0,Explosives,2015-02-05
9,201502050030,Northern Ireland,Belfast,The incident occurred in the Friendly Street area of the city.,"02/05/2015: An explosive device was discovered and safely defused in Friendly Street area, Belfast city, Belfast district, Northern Ireland, United Kingdom. This was one of four related attacks near midnight between February 4 and February 5, 2015. No group claimed responsibility for the incident; however, sources attributed the attack to dissident republicans.",True,False,False,Bombing/Explosion,,,Dissident Republicans,True,,0,0,Explosives,2015-02-05
10,201502050051,Northern Ireland,Dunmurry,The incident occurred in the Colinbrook area of the town.,"02/05/2015: An explosive device was discovered and defused in Colinbrook area, Dunmurry village, Lisburn district, Northern Ireland, United Kingdom. This was one of four related attacks near midnight between February 4 and February 5, 2015. No group claimed responsibility; however, sources attributed the attempted attack to dissident Republicans.",True,False,False,Bombing/Explosion,Private Citizens & Property,House/Apartment/Residence,Dissident Republicans,True,,0,0,Explosives,2015-02-05
11,201502130045,Northern Ireland,Carrickfergus,,"02/13/2015: Assailants threw an incendiary device at a civilian residence in Carrickfergus area, Northern Ireland, United Kingdom. No casualties were reported. No group claimed responsibility for the incident.",False,True,False,Facility/Infrastructure Attack,Private Citizens & Property,House/Apartment/Residence,,True,,0,0,Incendiary,2015-02-13
12,201502160030,Northern Ireland,Londonderry,The incident occurred in the Currynierin estate neighborhood of the city.,"02/16/2015: An explosive device intended to target police officers was discovered and defused in Currynierin estate neighborhood, Londonderry city, Londonderry district, Northern Ireland, United Kingdom. Oglaigh na hEireann claimed responsibility for the attack and threatened those who utilize the group's name in order to gain an extortion.",False,False,False,Bombing/Explosion,Police,Police Security Forces/Officers,Oglaigh na hEireann,True,,0,0,Explosives,2015-02-16
13,201502160031,Northern Ireland,Belfast,The incident occurred in the Clifton Crescent area of the city.,"02/16/2015: An explosive device was discovered and defused in Clifton Crescent area, Belfast city, Belfast district, Northern Ireland, United Kingdom. No group claimed responsibility for the incident.",False,False,False,Bombing/Explosion,,,,True,,0,0,Explosives,2015-02-16
14,201502170080,Northern Ireland,Belfast,The incident occurred along Monagh Drive in the Turf Lodge area of the city.,"02/17/2015: Assailants attacked a civilian residence on Monagh Drive in Turf Lodge area, west Belfast city, Belfast district, Northern Ireland, United Kingdom. A civilian teenager was injured after being shot in the legs, while some of his family members were briefly held hostage. No group claimed responsibility for the incident.",False,True,False,Hostage Taking (Barricade Incident),Private Citizens & Property,Named Civilian,,True,5,0,1,Firearms,2015-02-17
15,201502190045,Northern Ireland,Londonderry,The incident occurred along Nelson Drive in the Waterside area of the city.,"02/19/2015: An explosive device was discovered and defused at a residential garden on Nelson Drive in Waterside area, Londonderry city, Londonderry district, Northern Ireland, United Kingdom. This was one of two related incidents in the city on this date. No group claimed responsibility; however, police attributed the incidents to Loyalists.",True,False,False,Bombing/Explosion,Private Citizens & Property,House/Apartment/Residence,Loyalists,True,,0,0,Explosives,2015-02-19
16,201502190046,Northern Ireland,Londonderry,The incident occurred in the Brigade area of the city.,"02/19/2015: An explosive device was discovered and defused near a civilian vehicle in Brigade area, Londonderry city, Londonderry district, Northern Ireland, United Kingdom. This was one of two related incidents in the city on this date. No group claimed responsibility; however, police attributed the incidents to Loyalists.",True,False,False,Bombing/Explosion,,,Loyalists,True,,0,0,Explosives,2015-02-19
17,201502250029,Northern Ireland,Crossmaglen,,"02/25/2015: An explosive device attached to a poster detonated outside of a civilian residence two miles from Crossmaglen town, Newry and Mourne district, Northern Ireland, United Kingdom. The civilian was injured in the blast. No group claimed responsibility; however, sources attributed the attack to Oglaigh na hEireann.",False,True,False,Bombing/Explosion,Private Citizens & Property,Named Civilian,Oglaigh na hEireann,True,,0,1,Explosives,2015-02-25
18,201503050049,Northern Ireland,Ballycastle,,"03/05/2015: Assailants threw an incendiary device at a police station in Ballycastle town, Northern Ireland, United Kingdom. Security forces safely defused the device. No group claimed responsibility for the incident; however, sources suspected that dissident republicans may have been involved in the attempted attack.",False,False,False,Facility/Infrastructure Attack,Police,"Police Building (headquarters, station, school)",Dissident Republicans,True,,0,0,Incendiary,2015-03-05
19,201503090062,Northern Ireland,Belfast,,"03/09/2015: An explosive device was discovered and defused in Belfast city, Northern Ireland, United Kingdom. No group claimed responsibility for the incident.",False,False,False,Bombing/Explosion,Private Citizens & Property,House/Apartment/Residence,,True,,0,0,Explosives,2015-03-09
20,201503090076,Northern Ireland,Belfast,,"03/09/2015: Assailants took a security guard hostage and set fire to two earth movers at a construction site in Belfast city, Northern Ireland, United Kingdom. The hostage was unharmed and there were no other reported casualties in the attack. No group claimed responsibility for the incident; however, sources attributed it to Dissident Republicans.",False,True,False,Hostage Taking (Barricade Incident),Business,Construction,Dissident Republicans,True,,0,0,Incendiary,2015-03-09
21,201503100071,Northern Ireland,Carryduff,The incident occurred on Frankhill drive,"03/10/2015: An explosive device was discovered and defused in Carryduff town, Northern Ireland, United Kingdom. No group claimed responsibility for the incident.",False,False,False,Bombing/Explosion,Private Citizens & Property,House/Apartment/Residence,,True,,0,0,Explosives,2015-03-10
22,201503150061,Northern Ireland,Ballymoney,,"03/15/2015: Assailants attacked a civilian with baseball bats in Ballymoney area, Northern Ireland, United Kingdom. The civilian was wounded in the attack. No group claimed responsibility for the incident; however, sources attributed the attack to loyalists.",False,True,False,Unarmed Assault,Private Citizens & Property,Unnamed Civilian/Unspecified,Loyalists,True,,0,1,Melee,2015-03-15
23,201503170063,Northern Ireland,Bushmills,,"03/17/2015: Assailants opened fire on a civilian in Bushmills, Northern Ireland, United Kingdom. At least one person was injured in the assault. No group claimed responsibility for the incident; however, sources suspected the involvement of loyalists.",False,True,False,Armed Assault,Private Citizens & Property,Unnamed Civilian/Unspecified,Loyalists,True,,0,1,Firearms,2015-03-17
24,201503190069,Northern Ireland,Balleymoney,,"03/19/2015: Assailants shot and wounded a civilian in Ballymoney, Northern Ireland, United Kingdom. No group claimed responsibility for the incident; however, sources suspected the involvement of loyalists.",False,True,False,Armed Assault,Private Citizens & Property,Unnamed Civilian/Unspecified,Loyalists,True,,0,1,Firearms,2015-03-19
25,201503240054,Northern Ireland,Belfast,The incident occurred in the Voltaire Gardens area of the Newtownabbey neighborhood,"03/24/2015: An explosive device was discovered and defused near a private residence in Voltaire Gardens neighborhood, Belfast city, Northern Ireland, United Kingdom. No group claimed responsibility for the attack.",False,False,False,Bombing/Explosion,Private Citizens & Property,House/Apartment/Residence,,True,,0,0,Explosives,2015-03-24
26,201503260059,Northern Ireland,Coleraine,The incident occurred in the Millburn neighborhood,"03/26/2015: Assailants shot and wounded a civilian in Millburn neighborhood, Coleraine, Northern Ireland, United Kingdom. No group claimed responsibility; however, sources attributed the attack to loyalists.",False,True,False,Armed Assault,Private Citizens & Property,Unnamed Civilian/Unspecified,Loyalists,True,,0,1,Firearms,2015-03-26
27,201503300076,Northern Ireland,Coleraine,,"03/30/2015: Security forces found a grenade outside of a house in Coleraine, Londonderry county, Northern Ireland, United Kingdom. No group claimed responsibility for the incident.",False,False,False,Bombing/Explosion,Private Citizens & Property,House/Apartment/Residence,,True,,0,0,Explosives,2015-03-30
28,201503310058,Northern Ireland,Londonderry,The incident occurred in Creggan neighborhood,"03/31/2015: Six assailants assaulted a civilian in his home with iron bars and nails in Creggan, Northern Ireland, United Kingdom. The civilian, Gerald Lavey, was injured in the attack. Hours later, the assailants returned and set a wheelie bin on fire outside the victim's home. No group claimed responsibility for the incident; however, sources attributed the attack to dissident republicans.",False,True,False,Armed Assault,Private Citizens & Property,Named Civilian,Dissident Republicans,True,6,0,1,Incendiary,2015-03-31
29,201504050032,Northern Ireland,Strabane,,"04/05/2015: Assailants threw incendiary devices at a car in Strabane, Northern Ireland, United Kingdom. There were no reported casualties in the attack. This was one of two similar incidents; this first attack was meant to draw first responders to the scene. No group claimed responsibility for the incident.",True,True,False,Facility/Infrastructure Attack,Private Citizens & Property,Vehicles/Transportation,,True,,0,0,Incendiary,2015-04-05
30,201504050033,Northern Ireland,Strabane,,"04/05/2015: Assailants threw incendiary devices at Northern Ireland Fire and Rescue Service crews in Strabane, Northern Ireland, United Kingdom. There were no reported casualties in the attack. This was one of two similar incidents; this later attack targeted the first responders who arrived at the scene of an earlier fire. No group claimed responsibility for the incident.",True,True,False,Armed Assault,Other,Fire Fighter/Truck,,True,,0,0,Incendiary,2015-04-05
31,201504080042,Northern Ireland,Larne,,"04/08/2015: Assailants threw incendiary devices at a private residence in Larne, Northern Ireland, United Kingdom. There were no reported casualties in the attack. No group claimed responsibility for the incident.",False,True,False,Facility/Infrastructure Attack,Private Citizens & Property,House/Apartment/Residence,,True,2,0,0,Incendiary,2015-04-08
32,201504080054,Northern Ireland,Dunmurry,,"04/08/2015: An explosive device was discovered and defused in Dunmurry, Northern Ireland, United Kingdom. No group claimed responsibility for the attack.",False,False,False,Bombing/Explosion,,,,True,,0,0,Explosives,2015-04-08
33,201504140074,Northern Ireland,Strabane,,"04/14/2015: A civilian discovered an explosive device near Strabane town, Northern Ireland, United Kingdom. The device was safely defused by security forces. No group claimed responsibility for the incident.",False,False,False,Bombing/Explosion,,,,True,,0,0,Explosives,2015-04-14
34,201504210051,Northern Ireland,Belfast,The incident occurred in the New Lodge area of the city.,"04/21/2015: Assailants threw an explosive device at police as they responded to a burglary call in New Lodge area, Belfast city, Northern Ireland, United Kingdom. No one was injured in the blast, but nearby vehicles were damaged. No group claimed responsibilityfor the incident; however, sources attributed the attack to Dissident Republicans.",False,True,False,Bombing/Explosion,Police,Police Patrol (including vehicles and convoys),Dissident Republicans,True,,0,0,Explosives,2015-04-21
35,201504260098,Northern Ireland,Belfast,The incident occurred in Tiger's Bay in Belfast.,"04/26/2015: Assailants threw three incendiary devices at a house in Tiger's Bay, Belfast city, Northern Ireland, United Kingdom. No one was injured in the attack, but the house was damaged. No group claimed responsibility for the incident.",False,True,False,Facility/Infrastructure Attack,Private Citizens & Property,House/Apartment/Residence,,True,,0,0,Incendiary,2015-04-26
36,201504270057,Northern Ireland,Londonderry,,"04/27/2015: An explosive device detonated outside of a probation office in Crawford Square area, Londonderry city, Northern Ireland, United Kingdom. There were no reported casualties in the blast. The New Irish Republican Army claimed responsibility for the attack.",False,True,False,Bombing/Explosion,Government (General),Government Building/Facility/Office,The New Irish Republican Army,True,,0,0,Explosives,2015-04-27
37,201504300117,Northern Ireland,Londonderry,,"04/30/2015: Assailants set fire to the vehicle of Sean McMonagle in Derry city, Derry and Strabane District Council, Northern Ireland, United Kingdom. McMonagle, a prominent Sinn Fein activist, was unharmed; however, the vehicle was damaged in the attack. No group claimed responsibility for the incident.",False,True,False,Facility/Infrastructure Attack,Private Citizens & Property,Political Party Member/Rally,,True,,0,0,Incendiary,2015-04-30
38,201505010012,Northern Ireland,Belfast,The incident occurred in Ardoyne neighborhood,"05/01/2015: Security forces found and safely detonated an explosive device in Ardoyne area, Belfast city, Northern Ireland, United Kingdom. Sources stated that the device was intended to target police officers. No group claimed responsibility for the incident; however, sources attributed the attempted attack to dissident republicans.",False,False,False,Bombing/Explosion,Police,Police Security Forces/Officers,Dissident Republicans,True,1,0,0,Explosives,2015-05-01
39,201505010083,Northern Ireland,Belfast,,"05/01/2015: Assailants threw an explosive device at a house in Belfast city, Northern Ireland, United Kingdom. There were no reports of casualties in the attack. No group claimed responsibility for the incident.",False,False,False,Bombing/Explosion,Private Citizens & Property,House/Apartment/Residence,,True,2,0,0,Explosives,2015-05-01
40,201505030108,Northern Ireland,Londonderry,The incident occurred in Rockport Park neighborhood,"05/03/2015: Two explosive devices placed inside two bags partially detonated near the Limavady Road Army Reserve Center in Rockport Park area, Londonderry city, Northern Ireland, United Kingdom. There were no reported casualties from the blast. No group claimed responsibility for the incident; however, sources attributed the attack to dissident Republicans.",False,False,False,Bombing/Explosion,,,Dissident Republicans,True,,0,0,Explosives,2015-05-03
41,201505040116,England,Wolverhampton,,"05/04/2015: Assailants set fire to Landlords Sales and Lettings Limited in Wolverhampton city, West Midlands county, England, United Kingdom. The real estate firm had Labour Party posters displayed in the windows and part of the building had been used for campaigning. There were no reported casualties in the attack. No group claimed responsibility for the incident.",False,True,False,Facility/Infrastructure Attack,Business,,,True,,0,0,Incendiary,2015-05-04
42,201505060086,Northern Ireland,Londonderry,The incident occurred in Oakbridge Park neighborhood,"05/06/2015: Assailants set fire to the vehicle of Sandra Duffy, a Sinn Fein councillor, in Oakbridge Park, Londonderry city, Northern Ireland, United Kingdom. There were no reported casualties in the attack. This was one of two related attacks in Londonderry on the same date. No group claimed responsibility; however, sources attributed the incident to dissident republicans.",True,True,False,Facility/Infrastructure Attack,Government (General),Politician or Political Party Movement/Meeting/Rally,Dissident Republicans,True,2,0,0,Incendiary,2015-05-06
43,201505060087,Northern Ireland,Londonderry,The incident occurred in Oakbridge Park neighborhood,"05/06/2015: Assailants set fire to the vehicle of Colly Kelly, a Sinn Fein councillor, in Oakbridge Park, Londonderry city, Northern Ireland, United Kingdom. There were no reported casualties in the attack. This was one of two related attacks in Londonderry on the same date. No group claimed responsibility for the incident; however, sources attributed the attack to dissident republicans.",True,True,False,Facility/Infrastructure Attack,Government (General),Politician or Political Party Movement/Meeting/Rally,Dissident Republicans,True,,0,0,Incendiary,2015-05-06
44,201505060091,England,Bath,,"05/05/2015: Assailants threw an incendiary device into a letterbox at Adventure Cafe in Bath city, England, United Kingdom. The attackers may have been targeting a company that portrayed the Prophet Muhammad. There were no reported casualties in the attack. No group claimed responsibility for the incident.",False,True,False,Facility/Infrastructure Attack,Business,Restaurant/Bar/Café,,True,,0,0,Incendiary,2015-05-05
45,201505070088,Northern Ireland,Newry,,"05/07/2015: An explosive device detonated in Newry city, Down county, Northern Ireland, United Kingdom. There were no reported casualties in the attack. No group claimed responsibility; however, sources attributed the incident to Dissident republicans.",False,True,False,Bombing/Explosion,,,Dissident Republicans,True,,0,0,Explosives,2015-05-07
46,201505150048,Northern Ireland,Londonderry,The incident occurred in Rossnagalliagh neighborhood,"05/15/2015: Assailants threw an explosive device into a driveway in Rossnagalliagh neighborhood, Londonderry, Northern Ireland, United Kingdom. There were no reported casualties, but a car was damaged in the attack. No group claimed responsibility for the attack.",False,True,False,Facility/Infrastructure Attack,Private Citizens & Property,House/Apartment/Residence,,True,,0,0,Incendiary,2015-05-15
47,201505200059,Northern Ireland,Strabane,,"05/20/2015: An explosive device was thrown into a civilian vehicle in Strabane town, Northern Ireland, United Kingdom. Security forces were able to safely defuse the device without incident. No group claimed responsibility for the attack; however, sources suspected the involvement of dissident republicans.",False,False,False,Bombing/Explosion,Private Citizens & Property,Vehicles/Transportation,Dissident Republicans,True,,0,0,Explosives,2015-05-20
48,201505250108,Northern Ireland,Belfast,The incident occurred in Short Strand neighborhood,"05/25/2015: An explosive device was discovered and defused in a garden near a private residence in Short Strand neighborhood, Belfast city, Northern Ireland, United Kingdom. No group claimed responsibility for the incident; however, sources attributed the attack to loyalists.",False,False,False,Bombing/Explosion,Private Citizens & Property,House/Apartment/Residence,Loyalists,True,,0,0,Explosives,2015-05-25
49,201505260074,Northern Ireland,Belfast,The incident occurred in Short Strand neighborhood,"05/26/2015: An explosive device was discovered and defused near a private residence in Short Strand neighborhood, Belfast city, Northern Ireland, United Kingdom. No group claimed responsibility for the attack.",False,False,False,Bombing/Explosion,Private Citizens & Property,House/Apartment/Residence,,True,,0,0,Explosives,2015-05-26
50,201506030100,Northern Ireland,Belfast,The incident occurred on Monog road.,"05/31/2015: Assailants damaged and set fire to a house belonging to a football star, Danny O'Callaghan, in Belfast city, Northern Ireland, United Kingdom. There were no reported casualties; however, the house was damaged. No group claimed responsibility; however, sources attributed the incident to The New Irish Republican Army.",False,True,False,Facility/Infrastructure Attack,Private Citizens & Property,House/Apartment/Residence,The New Irish Republican Army,True,,0,0,Incendiary,2015-05-31
51,201506100090,Northern Ireland,Belfast,The incident occurred along Blythe Street in Sandy Row neighborhood,"06/10/2015: Three assailants attacked a house on Blythe Street, Sandy Row neighborhood, Belfast, Northern Ireland, United Kingdom. There were no reported casualties in the attack. No group claimed responsibility; however, sources attributed the attack to the Ulster Volunteer Force (UVF).",False,True,False,Armed Assault,Private Citizens & Property,House/Apartment/Residence,Ulster Volunteer Force (UVF),True,3,0,0,Firearms,2015-06-10
52,201506180033,Northern Ireland,Eglinton,The incident occurred in the Glenrandel area of the town.,"06/18/2015: An explosive device was defused after it was discovered planted under a Police Service of Northern Ireland (PSNI) vehicle in Glenrandel area, Eglinton town, Northern Ireland, United Kingdom. No group claimed responsibility for the incident; however, sources attributed the attack to The New Irish Republican Army.",False,False,False,Bombing/Explosion,Police,Police Patrol (including vehicles and convoys),Dissident Republicans,True,,0,0,Explosives,2015-06-18
53,201506230067,Northern Ireland,Belfast,The incident occurred in the Newtownards Road area in the eastern part of the city.,"06/23/2015: Assailants threw two incendiary devices at Newtownards Road area, Belfast city, Northern Ireland, United Kingdom. There were no reported casualties in the attack. No group claimed responsibility for the incident.",False,False,False,Facility/Infrastructure Attack,,,,True,,0,0,Incendiary,2015-06-23
54,201506280069,Northern Ireland,Belfast,,"06/28/2015: Assailants threw an incendiary device at the Loyal Orange Institute Hall located on Clifton Street in Belfast, Northern Ireland, United Kingdom. There were no reported casualties in the attack. No group claimed responsibility for the incident.",False,True,False,Facility/Infrastructure Attack,Private Citizens & Property,Labor Union Related,,True,,0,0,Incendiary,2015-06-28
55,201507020092,Northern Ireland,Belfast,The incident occurred along St. Patrick's walk,"07/02/2015: Assailants threw petrol bombs at a police vehicle in St Patrick's Walk area, Belfast, Northern Ireland, United Kingdom. There were no reported casualties. No group claimed responsibility for the incident.",False,False,False,Armed Assault,Police,Police Patrol (including vehicles and convoys),,True,,0,0,Incendiary,2015-07-02
56,201507120036,Northern Ireland,Belfast,The incident occurred along York road,"07/12/2015: Assailants threw three petrol bombs at the Sammy Duddy conflict transformation centre along York road in Belfast, Northern Ireland, United Kingdom. There were no reported casualties; however, the centre was damaged in the attack. No group claimed responsibility for the incident.",False,True,False,Facility/Infrastructure Attack,Private Citizens & Property,Labor Union Related,,True,,0,0,Incendiary,2015-07-12
57,201507120095,Northern Ireland,Londonderry,The incident occurred in Brandywell neighborhood,"07/12/2015: Assailants threw incendiary devices at fire crews in Brandywell neighborhood, Londonderry, Northern Ireland, United Kingdom. This was one of two similar attacks on fire crews in Londonderry on the same day. No casualties were reported in the attacks. No group claimed responsibility for the incidents.",True,False,False,Armed Assault,Other,Fire Fighter/Truck,,True,,0,0,Incendiary,2015-07-12
58,201507120096,Northern Ireland,Londonderry,The incident occurred in Galliagh neighborhood,"07/12/2015: Assailants threw incendiary devices at fire crews in Galliagh neighborhood, Londonderry, Northern Ireland, United Kingdom. This was one of two similar attacks on fire crews in Londonderry on the same day. No casualties were reported in the attacks. No group claimed responsibility for the incidents.",True,False,False,Armed Assault,Other,Fire Fighter/Truck,,True,,0,0,Incendiary,2015-07-12
59,201507130067,Northern Ireland,Londonderry,The incident occurred in Bogside neighborhood,"07/13/2015: Assailants threw petrol bombs at an unknown number of police officers in Bogside neighborhood, Londonderry, Northern Ireland, United Kingdom. There were no reported casualties in the attack. No group claimed responsibility for the incident.",False,False,False,Armed Assault,Police,Police Security Forces/Officers,,True,,0,0,Incendiary,2015-07-13
60,201507130068,Northern Ireland,Londonderry,The incident occurred in Bogside neighborhood,"07/13/2015: Assailants threw petrol bombs at the Verbal Arts Centre in Bogside neighborhood, Londonderry, Northern Ireland, United Kingdom. There were no reported casualties in the attack. No group claimed responsibility for the incident.",False,False,False,Facility/Infrastructure Attack,Business,Entertainment/Cultural/Stadium/Casino,,True,,0,0,Incendiary,2015-07-13
61,201507190062,Northern Ireland,Lurgan,,"07/19/2015: An explosive device detonated near police officers investigating a hoax device in Lurgan, Northern Ireland, United Kingdom. After the explosion, assailants threw Molotov cocktails and bricks at the police. No one was injured in the attack. No group claimed responsibility for the incident; however, sources suspected that the Continuity Irish Republican Army (CIRA) was involved.",False,True,False,Bombing/Explosion,Police,Police Security Forces/Officers,Continuity Irish Republican Army (CIRA),True,,0,0,Explosives,2015-07-19
62,201507290047,Northern Ireland,Belfast,The incident occurred along Rosepenna street in Old Park neighborhood,"07/29/2015: Security forces discovered and defused a pipe bomb along Rosapenna street in Old Park neighborhood, Belfast, Northern Ireland, United Kingdom. No group claimed responsibility for the incident.",False,False,False,Bombing/Explosion,,,,True,,0,0,Explosives,2015-07-29
63,201508010078,Northern Ireland,Strabane,The incident occurred at the Townsend street and Cemetery road area.,"08/01/2015: An explosive device was discovered and defused in a cemetery in Strabane, Northern Ireland, United Kingdom. Oglaigh na hEireann claimed responsibility for the attack and threatened those who utilize the group's name in order to gain an extortion.",False,False,False,Bombing/Explosion,Police,Police Patrol (including vehicles and convoys),Oglaigh na hEireann,True,,0,0,Explosives,2015-08-01
64,201508040100,Northern Ireland,Belfast,The incident occurred in the Andersontown area of West Belfast.,"08/04/2015: Security forces discovered and disarmed an explosive device along Andersontown Road in Belfast, Northern Ireland, United Kingdom. No group claimed responsibility for the incident.",False,False,False,Bombing/Explosion,,,,True,,0,0,Explosives,2015-08-04
65,201508040101,Northern Ireland,Belfast,The incident occurred in the Skegoneil Avenue area of the city.,"08/04/2015: Assailants threw a petrol bomb at a ground floor apartment on Skegoneil Avenue in Belfast, Northern Ireland, United Kingdom. There were no reported casualties; however, the apartment was damaged. No group claimed responsibility for the incident.",False,True,False,Facility/Infrastructure Attack,Private Citizens & Property,House/Apartment/Residence,,True,,0,0,Incendiary,2015-08-04
66,201508060104,Northern Ireland,Belfast,The incident occurred in the East Belfast area.,"08/06/2015: Assailants threw a petrol bomb at a car in East Belfast neighborhood, Belfast, Northern Ireland, United Kingdom. No casualties were reported. No group claimed responsibility for the incident.",False,True,False,Facility/Infrastructure Attack,Private Citizens & Property,Vehicles/Transportation,,True,,0,0,Incendiary,2015-08-06
67,201508110057,Northern Ireland,Londonderry,The incident occurred in the Skeoge road area.,"08/11/2015: An explosive device detonated inside a waste bin on Skeoge Road in Londonderry, Northern Ireland, United Kingdom. There were no reported casualties in the blast. No group claimed responsibility for the incident; however, sources attributed the attack to dissident republicans.",False,True,False,Bombing/Explosion,,,Dissident Republicans,True,,0,0,Explosives,2015-08-11
68,201508110080,Northern Ireland,Londonderry,The incident occurred in the Bogside area of the city.,"08/11/2015: Assailants torched a vehicle in Bogside neighborhood, Londonderry, Northern Ireland, United Kingdom. There were no reported casualties in the attack. No group claimed responsibility for the incident; however, authorities suspected that dissident republicans were involved.",False,True,False,Facility/Infrastructure Attack,Private Citizens & Property,Vehicles/Transportation,Dissident Republicans,True,,0,0,Incendiary,2015-08-11
69,201508140040,Northern Ireland,Hollywood,,"08/14/2015: An explosive device detonated in a postal vehicle in a military base in Palace Barracks, Hollywood, Northern Ireland, United Kingdom. There were no reported casualties in the blast. No group claimed responsibility for the incident; however, sources attributed the attack to dissident republicans.",False,True,False,Bombing/Explosion,Military,Military Barracks/Base/Headquarters/Checkpost,Dissident Republicans,True,,0,0,Explosives,2015-08-14
70,201508140142,Northern Ireland,Dervock,The incident occurred at McArthur Avenue.,"08/14/2015: Security forces found and safely defused an explosive device in Dervock, Northern Ireland, United Kingdom. No group claimed responsibility for the incident; however, sources attributed the attack to loyalists.",False,False,False,Bombing/Explosion,,,Loyalists,True,,0,0,Explosives,2015-08-14
71,201508260040,Northern Ireland,Belfast,The incident occurred on Fortuna street in the South Belfast area.,"08/26/2015: Assailants threw a petrol bomb at a house on Fortuna Street in Belfast, Northern Ireland, United Kingdom. There were no reported casualties in the attack. No group claimed responsibility; however, sources attributed the attack to the Ulster Volunteer Force (UVF).",False,True,False,Armed Assault,Private Citizens & Property,House/Apartment/Residence,Ulster Volunteer Force (UVF),True,1,0,0,Incendiary,2015-08-26
72,201509100042,Northern Ireland,Ahoghill,The incident occurred in Brookfield Gardens in the Ballymena district.,"09/10/2015: An explosive device detonated outside a civilian residence in Brookfield Gardens, Ahoghill, Northern Ireland, United Kingdom. There were no reported casualties in the blast. This was one of two similar attacks in the area on this day. No group claimed responsibility for the incidents; however, sources attributed the attacks to Ulster Freedom Fighters (UFF).",True,True,False,Bombing/Explosion,Private Citizens & Property,House/Apartment/Residence,Ulster Freedom Fighters (UFF),True,1,0,0,Explosives,2015-09-10
73,201509100043,Northern Ireland,Ahoghill,The incident occurred in the Brookfield Gardens area of the village.,"09/10/2015: An explosive device detonated outside a civilian residence in Brookfield Gardens, Ahoghill, Northern Ireland, United Kingdom. There were no reported casualties in the blast. This was one of two similar attacks in the area on this day. No group claimed responsibility for the incidents; however, sources attributed the attacks to Ulster Freedom Fighters (UFF).",True,True,False,Bombing/Explosion,Private Citizens & Property,House/Apartment/Residence,Ulster Freedom Fighters (UFF),True,1,0,0,Explosives,2015-09-10
74,201509100062,Northern Ireland,Belfast,The incident occurred in the Twinbrook area.,"09/10/2015: Assailants opened fire on a civilian house in Twinbrook neighborhood, Belfast, Northern Ireland, United Kingdom. No one was injured in the attack. No group claimed responsibility; however, sources suspected that dissident republicans were involved.",False,True,False,Armed Assault,Private Citizens & Property,House/Apartment/Residence,Dissident Republicans,True,,0,0,Firearms,2015-09-10
75,201509130055,Northern Ireland,Moy,,"09/13/2015: Assailants threw a petrol bomb at a Gaelic Athletic Association (GAA) clubhouse in Moy, Northern Ireland, United Kingdom. There were no reported casualties; however, the building was damaged. No group claimed responsibility for the incident.",False,True,False,Facility/Infrastructure Attack,Private Citizens & Property,Labor Union Related,,True,,0,0,Incendiary,2015-09-13
76,201509130063,England,Richmond,,"09/13/2015: Assailants set fire to the Whitton Methodist Church hall in Richmond, England, United Kingdom. There were no reported casualties in the attack. No group claimed responsibility for the incident.",False,True,False,Facility/Infrastructure Attack,Religious Figures/Institutions,Place of Worship,,True,,0,0,Incendiary,2015-09-13
77,201509170114,England,Bristol,The incident occurred in the Stoke Lane area.,"09/17/2015: Assailants set fire to a construction digger in the Stoke Lane area, Bristol, England, United Kingdom. There were no reported casualties. No group claimed responsibility for the incident.",False,True,False,Facility/Infrastructure Attack,Business,Construction,,True,,0,0,Incendiary,2015-09-17
78,201509260027,England,London,The incident occurred at the Baitul Futuh Mosque in the Morden district.,"09/26/2015: Assailants set fire to the Baitul Futuh Mosque in Morden neighborhood, London, England, United Kingdom. At least one person was injured in the attack. No group claimed responsibility for the incident.",False,True,False,Facility/Infrastructure Attack,Religious Figures/Institutions,Place of Worship,,True,,0,1,Incendiary,2015-09-26
79,201510030038,Northern Ireland,Londonderry,The incident occurred in Waterside.,"10/03/2015: A pipe bomb detonated at a civilian residence in Waterside neighborhood, Londonderry, Northern Ireland, United Kingdom. There were no reported casualties. No group claimed responsibility for the incident; however, a police chief suspected the involvement of loyalists.",False,True,False,Bombing/Explosion,Private Citizens & Property,House/Apartment/Residence,Loyalists,True,,0,0,Explosives,2015-10-03
80,201510070037,Northern Ireland,Belfast,The incident occurred on Beersbridge road.,"10/07/2015: A crude bomb was discovered and defused on Beersbridge Road in east Belfast, Northern Ireland, United Kingdom. No group claimed responsibility for the incident.",False,False,False,Bombing/Explosion,,,,True,,0,0,Explosives,2015-10-07
81,201510090027,Northern Ireland,Londonderry,,"10/09/2015: An explosive device was discovered and defused at the Waterfoot Hotel during a police recruitment event in Londonderry, Northern Ireland, United Kingdom. No group claimed responsibility for the incident; however, sources attributed the attempted attack to dissident Republicans.",False,False,False,Bombing/Explosion,Business,Hotel/Resort,Dissident Republicans,True,2,0,0,Explosives,2015-10-09
82,201510150014,Northern Ireland,Belfast,The incident occurred in the Linden Gardens area.,"10/15/2015: An explosive device planted under a soldier's vehicle was discovered and defused in Linden Gardens neighborhood, Belfast, Northern Ireland, United Kingdom. The New Irish Republican Army claimed responsibility for the incident.",False,False,False,Bombing/Explosion,Military,"Military Personnel (soldiers, troops, officers, forces)",The New Irish Republican Army,True,,0,0,Explosives,2015-10-15
83,201510160023,Northern Ireland,Belfast,The incident occurred in Short Strand area.,"10/16/2015: Assailants threw a grenade at police officers in Short Strand neighborhood, Belfast, Northern Ireland, United Kingdom. There were no reported casualties as the grenade failed to detonate. No group claimed responsibility for the incident; however, suspected that Oglaigh na hEireann was involved in the attack.",False,False,False,Bombing/Explosion,Police,Police Patrol (including vehicles and convoys),Oglaigh na hEireann,True,,0,0,Explosives,2015-10-16
84,201510160072,Northern Ireland,Killylea,The incident occurred on Elm Park road.,"10/16/2015: Security forces discovered and defused an explosive device in Killylea, Northern Ireland, United Kingdom. No group claimed responsibility for the incident.",False,False,False,Bombing/Explosion,Private Citizens & Property,House/Apartment/Residence,,True,,0,0,Explosives,2015-10-16
85,201510170078,Northern Ireland,Strabane,,"10/17/2015: Assailants opened fire on a police station in Strabane, Northern Ireland, United Kingdom. There were no reported casualties in the attack. The New Irish Republican Army claimed responsibility for the incident.",False,False,False,Armed Assault,Police,"Police Building (headquarters, station, school)",The New Irish Republican Army,True,,0,0,Firearms,2015-10-17
86,201510200041,Northern Ireland,Belfast,The incident occurred in Butler Walk area.,"10/20/2015: Assailants shot and injured a civilian in Butler Walk neighborhood, Belfast, Northern Ireland, United Kingdom. No group claimed responsibility for the attack.",False,True,False,Armed Assault,Private Citizens & Property,Unnamed Civilian/Unspecified,,True,,0,1,Firearms,2015-10-20
87,201510210034,Northern Ireland,Capecastle,The incident occurred along Islandarragh road.,"10/21/2015: Assailants set fire to a civilian vehicle on Islandarragh Road in Capecastle, Northern Ireland, United Kingdom. There were no reported casualties in the attack. No group claimed responsibility for the incident.",False,True,False,Armed Assault,Private Citizens & Property,Vehicles/Transportation,,True,,0,0,Incendiary,2015-10-21
88,201510290088,Northern Ireland,Belfast,The incident occurred in Island street area.,"10/29/2015: An explosive device was discovered and defused in Island Street neighborhood, Belfast, Northern Ireland, United Kingdom. No group claimed responsibility for the incident.",False,False,False,Bombing/Explosion,,,,True,,0,0,Explosives,2015-10-29
89,201511010030,Northern Ireland,Belfast,The incident occurred along Ainsworth Ave.,"11/01/2015: An explosive device was discovered and defused on a windowsill along Ainsworth Avenue in Belfast, Northern Ireland, United Kingdom. No group claimed responsibility for the incident.",False,False,False,Bombing/Explosion,Private Citizens & Property,House/Apartment/Residence,,True,,0,0,Explosives,2015-11-01
90,201511030011,Northern Ireland,Belfast,The incident occurred along Rodney drive.,"11/03/2015: An explosive device was discovered and defused along Rodney Drive in Belfast, Northern Ireland, United Kingdom. No group claimed responsibility for the incident.",False,False,False,Bombing/Explosion,Private Citizens & Property,"Public Area (garden, parking lot, garage, beach, public building, camp)",,True,,0,0,Explosives,2015-11-03
91,201511100039,Northern Ireland,Drumsurn,,"11/13/2015: An explosive device was discovered and defused after being reported in Drumsurn, Northern Ireland, United Kingdom. Oglaigh na hEireann claimed responsibility for the incident and threatened those who utilize the group's name in order to gain an extortion.",False,False,False,Bombing/Explosion,,,Oglaigh na hEireann,True,,0,0,Explosives,2015-11-13
92,201511110053,Wales,Rhyl,,"11/11/2015: An unknown number of explosive devices targeting the Islamic Cultural Centre on Water Street detonated in Rhyl town, Rhyl district, Clwyd county, Wales, United Kingdom. There were no casualties or property damage in this attack. No group claimed responsibility for the incident.",False,True,False,Bombing/Explosion,Religious Figures/Institutions,Place of Worship,,True,3,0,0,Explosives,2015-11-11
93,201511110065,Northern Ireland,Belfast,The incident occurred along Crumlin Road in the Ardoyne neighborhood.,"11/11/2015: Assailants attacked a house on Crumlin Road in Ardoyne neighborhood, Belfast, Northern Ireland, United Kingdom. There were no reported casualties in the attack, but the house was damaged. No group claimed responsibility for the incident; however, sources attributed the attack to loyalists.",False,True,False,Facility/Infrastructure Attack,Private Citizens & Property,House/Apartment/Residence,Loyalists,True,3,0,0,Melee,2015-11-11
94,201511120056,Northern Ireland,Galliagh,The incident occurred in County Londonderry.,"11/12/2015: Four assailants attacked a civilian in Galliagh, Northern Ireland, United Kingdom. The victim was injured in the assault. No group claimed responsibility for the incident.",False,True,False,,Private Citizens & Property,Unnamed Civilian/Unspecified,,True,4,0,1,,2015-11-12
95,201511130074,Northern Ireland,Belfast,The incident occurred in the Cranbrook Gardens area in the Ardoyne neighborhood.,"11/13/2015: Assailants shot and injured a civilian at Cranbrook Gardens in Ardoyne neighborhood, Belfast, Northern Ireland, United Kingdom. The New Irish Republican Army claimed responsibility for the incident.",False,True,False,Armed Assault,Private Citizens & Property,Unnamed Civilian/Unspecified,The New Irish Republican Army,True,,0,1,Firearms,2015-11-13
96,201511150060,Scotland,Methil,,"11/15/2015: Assailants assaulted a Muslim restaurant owner outside a fast food restaurant in Methil city, Scotland, United Kingdom. The restaurant owner and his wife were injured in the assault. No group claimed responsibility for the incident; however, sources noted that the assailants shouted anti-Muslim slurs and referenced the recent attacks in Paris.",False,True,False,Unarmed Assault,Private Citizens & Property,Religion Identified,,True,15,0,2,Melee,2015-11-15
97,201511170029,Northern Ireland,Kinyre Park,The incident occurred in the Ballymena district.,"11/17/2015: Assailants threw an incendiary device at a Muslim family's house in Kinyre Park, Northern Ireland, United Kingdom. At least one person was injured in the attack. No group claimed responsibility for the incident.",False,True,False,Armed Assault,Private Citizens & Property,Religion Identified,,True,,0,1,Incendiary,2015-11-17
98,201511170030,Scotland,Glasgow,The incident occurred along Auchinairn road.,"11/17/2015: Assailants set fire to the Bishopbriggs Community Centre mosque along Auchinairn road in Glasgow city, Scotland, United Kingdom. There were no reported casualties; however, the building was damaged in the attack. No group claimed responsibility for the incident.",False,True,False,Facility/Infrastructure Attack,Religious Figures/Institutions,Place of Worship,,True,,0,0,Incendiary,2015-11-17
99,201511170084,England,Bradford,,"11/17/2015: Assailants attacked Nissar Hussain in Bradford, England, United Kingdom. Hussain, a civilian who converted from Islam to Christianity, was injured in the attack. No group claimed responsibility for the incident.",False,True,False,Unarmed Assault,Private Citizens & Property,Religion Identified,Muslim extremists,True,2,0,1,Melee,2015-11-17
100,201511240050,Northern Ireland,Feeny,The incident occurred between Carnanbane and Banagher roads.,"11/24/2015: An explosive device was discovered and defused between Carnanbane and Banagher roads in Feeny, Northern Ireland, United Kingdom. There were no reported casualties. No group claimed responsibility for the incident; however, sources suspected that dissident republicans were involved.",False,False,False,Bombing/Explosion,,,Oglaigh na hEireann,True,,0,0,Explosives,2015-11-24
101,201511260021,Northern Ireland,Belfast,The incident occurred along Rossnareen Avenue in the Andersontown neighborhood.,"11/26/2015: An assailant opened fire on a police vehicle along Rossnareen Avenue in Andersontown, Belfast, Northern Ireland, United Kingdom. No one was injured in the attack. The New Irish Republican Army claimed responsibility for the incident.",False,True,False,Armed Assault,Police,Police Security Forces/Officers,The New Irish Republican Army,True,1,0,0,Firearms,2015-11-26
102,201511270019,England,London,The incident occurred in the Finsbury Park area.,"11/27/2015: An assailant threw an explosive device at the Finsbury Park Mosque in Finsbury Park, London, England, United Kingdom. There were no reported casualties or damages. No group claimed responsibility for the incident.",False,False,False,Bombing/Explosion,Religious Figures/Institutions,Place of Worship,,True,1,0,0,Explosives,2015-11-27
103,201511270040,Northern Ireland,Antrim,The incident occurred along Meadow Drive.,"11/27/2015: Assailants set fire to a car in front of a civilian home along Meadow Drive in Antrim, Northern Ireland, United Kingdom. There were no reported casualties in the attack. No group claimed responsibility for the incident.",False,True,False,Facility/Infrastructure Attack,Private Citizens & Property,Race/Ethnicity Identified,,True,,0,0,Incendiary,2015-11-27
104,201511300036,Northern Ireland,Dungiven,The incident occurred in the Ard Na Smoll neighborhood.,"11/30/2015: Assailants set wheelie bins on fire and planted an explosive device outside of a house in Ard Na Smoll neighborhood, Dungiven, Northern Ireland, United Kingdom. There were no reported casualties and security forces safely defused the device. Oglaigh na hEireann claimed responsibility for the incident.",False,True,False,Bombing/Explosion,Private Citizens & Property,House/Apartment/Residence,Oglaigh na hEireann,True,,0,0,Explosives,2015-11-30
105,201512010055,Northern Ireland,Dungiven,The incident occurred on Ard Na Smoll road.,"12/00/2015: Between December 1 and December 15, 2015, an explosive device was discovered and defused at a civilian residence in Ard Na Smoll neighborhood, Dungiven, Northern Ireland, United Kingdom. No group claimed responsibility for the incident.",False,False,False,Bombing/Explosion,Private Citizens & Property,House/Apartment/Residence,,True,,0,0,Explosives,2015-12-08
106,201512020045,Northern Ireland,Belfast,The incident occurred in the Castlereagh road area of the city.,"12/02/2015: Assailants threw incendiary devices at a Police Service of Northern Ireland (PSNI) patrol on Castlereagh Road in Belfast, Northern Ireland, United Kingdom. There were no reported casualties in the attack. No group claimed responsibility for the incident.",False,True,False,Armed Assault,Police,Police Patrol (including vehicles and convoys),,True,,0,0,Incendiary,2015-12-02
107,201512020050,Northern Ireland,Belfast,The incident occurred on Albertbridge road.,"12/02/2015: Assailants threw an incendiary device at a civilian residence on Albertbridge Road in Belfast, Northern Ireland, United Kingdom. There were no reported casualties in the attack. No group claimed responsibility for the incident.",False,True,False,Facility/Infrastructure Attack,Private Citizens & Property,House/Apartment/Residence,,True,,0,0,Incendiary,2015-12-02
108,201512050019,England,London,The incident occurred in the Leytonstone area of the city.,"12/05/2015: An assailant armed with a machete attacked tube passengers in Leytonstone area, London, England, United Kingdom. At least three people were injured in the attack. An individual, identified as Muhaydin Mire, claimed responsibility for the incident and stated that the attack was carried out in retaliation for Western operations targeting the Islamic State of Iraq and the Levant (ISIL) in Syria.",False,True,False,Armed Assault,Transportation,Subway,Jihadi-inspired extremists,False,1,0,3,Melee,2015-12-05
109,201512100041,Northern Ireland,Londonderry,,"12/10/2015: A Molotov cocktail was thrown at a civilian residence in Londonderry, Northern Ireland, United Kingdom. The explosive device did not detonate in the attack. No group claimed responsibility for the incident.",False,True,False,Facility/Infrastructure Attack,,,,True,,0,0,Incendiary,2015-12-10
110,201512120047,Northern Ireland,Belfast,The incident occurred in the Manor Close area of the city.,"12/12/2015: An explosive device was discovered and defused in Manor Close neighborhood, Belfast, Northern Ireland, United Kingdom. No group claimed responsibility for the incident.",False,False,False,Bombing/Explosion,,,,True,,0,0,Explosives,2015-12-12
111,201512140038,Northern Ireland,Newtownabbey,The incident occurred in the Hollybrook Crescent area.,"12/14/2015: An explosive device was discovered and defused in Hollybrook Crescent neighborhood, Newtownabbey, Northern Ireland, United Kingdom. No group claimed responsibility for the incident.",False,False,False,Bombing/Explosion,,,,True,,0,0,Explosives,2015-12-14
112,201512170045,Northern Ireland,Belfast,The incident occurred in the Lyndhurst Meadows area of the city.,"12/17/2015: Assailants set fire to an electricity sub-station in Lyndhurst Meadows neighborhood, Belfast, Northern Ireland, United Kingdom. There were no reported casualties in the attack. No group claimed responsibility for the incident.",False,True,False,Facility/Infrastructure Attack,Utilities,Electricity,,True,,0,0,Incendiary,2015-12-17
113,201512300017,Northern Ireland,Belfast,The incident occurred on Iveagh street.,"11/30/2015: Two masked assailants attacked civilians in the Grosvenor Homing Pigeon Club on Iveagh Street in Belfast, Northern Ireland, United Kingdom. The assailants ordered two customers to lie on the ground, shot them in the legs, and fled the scene. No group claimed responsibility for the attack.",False,True,False,Armed Assault,Business,Restaurant/Bar/Café,,True,,0,2,Firearms,2015-11-30
114,201601020041,Northern Ireland,Banbridge,,"01/02/2016: Assailants threw a petrol bomb at a house in Banbridge town, Northern Ireland, United Kingdom. There were no reported casualties in the attack. No group claimed responsibility for the incident.",False,True,False,Facility/Infrastructure Attack,Private Citizens & Property,House/Apartment/Residence,,True,,0,0,Incendiary,2016-01-02
115,201601070054,Northern Ireland,Belfast,The incident occurred in the Glenpark street area.,"01/07/2016: Assailants shot and killed a civilian at his residence along Glenpark Street in Belfast, Northern Ireland, United Kingdom. No group claimed responsibility; however, sources attributed the attack to the Irish National Liberation Army (INLA) and the New Irish Republican Army.",False,True,False,Armed Assault,Private Citizens & Property,Named Civilian,Irish National Liberation Army (INLA),True,,1,0,Firearms,2016-01-07
116,201601120050,Northern Ireland,Belfast,The incident occurred on Ebor street.,"01/12/2016: Assailants threw an incendiary device at the residence of a Chinese family on Ebor Street in Belfast, Northern Ireland, United Kingdom. There were no reported casualties as the device failed to catch fire. No group claimed responsibility for the attack.",False,False,False,Facility/Infrastructure Attack,Private Citizens & Property,Race/Ethnicity Identified,,True,,0,0,Incendiary,2016-01-12
117,201601150080,England,Aylsham,,"01/00/2016: Sometime between January 1, 2016 and January 31, 2016, assailants set fire to St. John of the Cross Church in Aylsham, England, United Kingdom. There were no reported casualties in the attack. No group claimed responsibility for the incident.",False,True,False,Facility/Infrastructure Attack,Religious Figures/Institutions,Place of Worship,,True,,0,0,Incendiary,2016-01-15
118,201601200049,Northern Ireland,Dungannon,,"01/20/2016: Assailants threw a petrol bomb at a vehicle in Dungannon town, Northern Ireland, United Kingdom. There were no reported casualties in the attack. No group claimed responsibility for the incident.",False,True,False,Facility/Infrastructure Attack,Private Citizens & Property,Vehicles/Transportation,,True,,0,0,Incendiary,2016-01-20
119,201601210049,Northern Ireland,Belfast,The incident occurred on Medway street.,"01/21/2016: An explosive device was discovered and defused at a residence on Medway Street in Belfast, Northern Ireland, United Kingdom. No group claimed responsibility for the attack.",False,False,False,Bombing/Explosion,Private Citizens & Property,House/Apartment/Residence,,True,,0,0,Explosives,2016-01-21
120,201601250041,Northern Ireland,Lurgan,The incident occurred on Lake street.,"01/24/2016: Assailants threw over 100 petrol bombs targeting police officers in Lake street, Lurgan town, Northern Ireland, United Kingdom. There were no reported casualties in the attack. No group claimed responsibility for the attack; however sources attributed the attack to Dissident Republicans.",False,True,False,Armed Assault,Police,Police Security Forces/Officers,Dissident Republicans,True,,0,0,Incendiary,2016-01-24
121,201601260042,Northern Ireland,Belfast,The incident occurred on Ebor street.,"01/26/2016: Assailants set fire to a Romanian civilian's vehicle on Ebor Street, Belfast, Northern Ireland, United Kingdom. There were no reported casualties in the attack. No group claimed responsibility for the incident.",False,True,False,Facility/Infrastructure Attack,Private Citizens & Property,Vehicles/Transportation,,True,,0,0,Incendiary,2016-01-26
122,201601290020,Northern Ireland,Londonderry,,"01/29/2016: An explosive device was discovered and defused outside of a house in Londonderry, Northern Ireland, United Kingdom. No group claimed responsibility for the incident.",False,False,False,Bombing/Explosion,Private Citizens & Property,House/Apartment/Residence,,True,,0,0,Explosives,2016-01-29
123,201602140036,England,Beighton,,"02/14/2016: Assailants set fire to the St. Mary's the Virgin Church in Beighton village, England, United Kingdom. There were no reported casualties in the attack. No group claimed responsibility for the incident.",False,True,False,Facility/Infrastructure Attack,Religious Figures/Institutions,Place of Worship,,True,,0,0,Incendiary,2016-02-14
124,201602180062,England,Rochdale,,"02/18/2016: Two assailants attacked Jalal Uddin with a hammer in Rochdale, England, United Kingdom. Uddin, an imam, was killed in the attack. Mohammed Syeedy and Mohammed Abdul Kadir claimed responsibility for the incident and while the specific motive is unknown sources noted that authorities discovered Islamic State of Iraq and the Levant (ISIL) propaganda on Syeedy's mobile phone.",False,True,False,Unarmed Assault,Religious Figures/Institutions,Religious Figure,Jihadi-inspired extremists,False,2,1,0,Melee,2016-02-18
125,201602220050,Northern Ireland,Belfast,The incident occurred in the New Lodge area of the city.,"02/22/2016: An explosive device was discovered and defused in New Lodge neighborhood, Belfast, Northern Ireland, United Kingdom. No group claimed responsibility for the attack.",False,False,False,Bombing/Explosion,,,,True,,0,0,Explosives,2016-02-22
126,201602250041,Northern Ireland,Belfast,,"02/25/2016: Security forces discovered and defused a pipe bomb in Belfast, Northern Ireland, United Kingdom. No group claimed responsibility for the incident.",False,False,False,Bombing/Explosion,,,,True,,0,0,Explosives,2016-02-25
127,201602250042,Northern Ireland,Belfast,The incident occurred in south Belfast.,"02/25/2016: Assailants shot and killed a civilian in south Belfast, Northern Ireland, United Kingdom. No group claimed responsibility for the incident; however, sources attributed the attack to the Irish National Liberation Army (INLA).",False,True,False,Armed Assault,Private Citizens & Property,Named Civilian,Irish National Liberation Army (INLA),True,4,1,0,Firearms,2016-02-25
128,201602260045,England,Nunthorpe,The incident occurred in the Mallowdale area.,"02/26/2016: Assailants set fire to the vehicle of Jon Rathmell, a local councilor, at his residence in Nunthorpe, England, United Kingdom. There were no reported casualties in the attack. No group claimed responsibility for the incident.",False,True,False,Facility/Infrastructure Attack,Government (General),Politician or Political Party Movement/Meeting/Rally,,True,,0,0,Incendiary,2016-02-26
129,201603010074,Northern Ireland,Ballymena,The incident occurred in the Shanowen area.,"03/00/2016: Sometime between February 29 and March 2, 2016, assailants threw a petrol bomb at a house in Shanowen, Ballymena, Northern Ireland, United Kingdom. There were no reported casualties. No group claimed responsibility for the incident.",False,True,False,Facility/Infrastructure Attack,Private Citizens & Property,House/Apartment/Residence,,True,,0,0,Incendiary,2016-03-01
130,201603040023,Northern Ireland,Belfast,The incident occurred in the Hillsborough Drive area.,"03/04/2016: An explosive device planted under the vehicle of Adrian Ismay detonated in Hillsborough Drive area, Belfast, Northern Ireland, United Kingdom. Ismay, a prison officer, was wounded in the blast and succumbed to his injuries on March 15, 2016. The New Irish Republican Army claimed responsibility for the attack.",False,True,False,Bombing/Explosion,Police,Prison/Jail,The New Irish Republican Army,True,1,1,0,Explosives,2016-03-04
131,201603050027,Northern Ireland,Belfast,The incident occurred in the Ramoan Drive area.,"03/05/2016: An explosive device was discovered and safely defused in Ramoan Drive area, Belfast, Northern Ireland, United Kingdom. No group claimed responsibility for the incident; however, sources attributed the attempted attack to dissident republicans, which government officials denied.",False,False,False,Bombing/Explosion,,,Dissident Republicans,True,,0,0,Explosives,2016-03-05
132,201603050029,Northern Ireland,Belfast,The incident occurred in the Glencolin Walk area.,"03/05/2016: An explosive device was discovered and safely defused in Glencolin Walk area, Belfast, Northern Ireland, United Kingdom. No group claimed responsibility for the incident; however, sources attributed the attempted attack to dissident republicans, which officials denied.",False,False,False,Bombing/Explosion,,,Dissident Republicans,True,,0,0,Explosives,2016-03-05
133,201603060025,Northern Ireland,Londonderry,The incident occurred in the Gelvin Gardens area of the city.,"03/06/2016: An explosive device was discovered and safely defused in Londonderry, Northern Ireland, United Kingdom. No group claimed responsibility for the incident.",False,False,False,Bombing/Explosion,,,,True,,0,0,Explosives,2016-03-06
134,201603090047,Northern Ireland,Belfast,The incident occurred in the Upper Dunmurry Lane area near West Belfast.,"03/09/2016: An explosive device was discovered and defused at a house near Dunmurry Lane, Belfast, Northern Ireland, United Kingdom. No group claimed responsibility for the incident.",False,False,False,Bombing/Explosion,Private Citizens & Property,House/Apartment/Residence,,True,,0,0,Explosives,2016-03-09
135,201603090048,Northern Ireland,Crumlin,The incident occurred in the Ballydonaghy Meadows area near the town.,"03/09/2016: An explosive device was discovered and safely defused near Ballydonaghy Meadows, Crumlin, Northern Ireland, United Kingdom. No group claimed responsibility for the incident.",False,False,False,Bombing/Explosion,,,,True,,0,0,Explosives,2016-03-09
136,201603130023,Northern Ireland,Armagh,,"03/13/2016: An explosive device detonated at a car dealership in Armagh, Northern Ireland, United Kingdom. There were no reported casualties in the attack. No group claimed responsibility for the incident.",False,True,False,Bombing/Explosion,Business,Retail/Grocery/Bakery,,True,,0,0,Explosives,2016-03-13
137,201603190018,Northern Ireland,Belfast,The incident occurred on Sheridan street in the New Lodge area of the city.,"03/19/2016: Assailants threw a pipe bomb at a civilian residence on Sheridan Street in New Lodge neighborhood, Belfast, Northern Ireland, United Kingdom. There were no reported casualties in the blast. No group claimed responsibility for the attack.",False,True,False,Bombing/Explosion,Private Citizens & Property,House/Apartment/Residence,,True,,0,0,Explosives,2016-03-19
138,201603210025,Northern Ireland,Londonderry,The incident occurred in the Sperrin Park area.,"03/21/2016: An explosive device was discovered and defused in Sperrin Park neighborhood, Londonderry, Northern Ireland, United Kingdom. No group claimed responsibility for the attack.",False,False,False,Bombing/Explosion,,,,True,,0,0,Explosives,2016-03-21
139,201603240034,Scotland,Glasgow,,"03/24/2016: An assailant beat and stabbed a Muslim shopkeeper in Glasgow, Scotland, United Kingdom. The shopkeeper, identified as Asad Shah, was killed and another person was injured in the assault. Tanveer Ahmed claimed responsibility for the incident and stated that he targeted Shah because he was disrespectful toward the Prophet Muhammad.",False,True,False,Armed Assault,Private Citizens & Property,Religion Identified,Muslim extremists,False,1,1,1,Melee,2016-03-24
140,201603270049,Northern Ireland,Lurgan,The incident occurred in the Kilwilkie area.,"03/28/2016: Assailants hijacked and torched a van in Kilwilkie, Lurgan, Northern Ireland, United Kingdom. There were no reported casualties. This was one of two coordinated attacks in Kilwilkie the same day. This first incident was intended to draw police to the scene. No group claimed responsibility for the incidents; however, sources attributed the attacks to dissident republicans.",True,True,False,Hijacking,Private Citizens & Property,Vehicles/Transportation,Dissident Republicans,True,,0,0,Incendiary,2016-03-28
141,201603270050,Northern Ireland,Lurgan,The incident occurred in the Kilwilkie area.,"03/28/2016: Assailants threw petrol bombs at police officers responding to a van that was set on fire in Kilwilkie area, Lurgan, Northern Ireland, United Kingdom. No officers were harmed in the assault. This was one of two coordinated attacks in Kilwilkie the same day. No group claimed responsibility for the incidents; however, sources attributed the attacks to dissident republicans.",True,False,False,Armed Assault,Police,Police Security Forces/Officers,Dissident Republicans,True,,0,0,Incendiary,2016-03-28
142,201603280036,Northern Ireland,Lurgan,The incident occurred in the Kilwilkie area.,"03/28/2016: Assailants threw petrol bombs at police officers in Kilwilkie area, Lurgan, Northern Ireland, United Kingdom. Two police officers were injured in the attack. No group claimed responsibility for the incident; however, sources attributed the attack to dissident republicans.",False,True,False,Armed Assault,Police,Police Security Forces/Officers,Dissident Republicans,True,,0,2,Incendiary,2016-03-28
143,201603280037,Northern Ireland,Londonderry,The incident occurred in the Iniscarn Crescent area.,"03/28/2016: Assailants threw seven petrol bombs at police officers in Iniscarn Crescent, Londonderry, Northern Ireland, United Kingdom. There were no reported casualties. No group claimed responsibility for the incident; however, sources attributed the attack to dissident republicans.",False,False,False,Armed Assault,Police,Police Security Forces/Officers,Dissident Republicans,True,,0,0,Incendiary,2016-03-28
144,201604030044,Northern Ireland,Cooktown,,"04/03/2016: Assailants set fire to the Moy Tir na nOg Gaelic Athletic Association (GAA) gym in Cooktown, Northern Ireland, United Kingdom. The building was destroyed in the attack. No group claimed responsibility for the incident.",False,True,False,Facility/Infrastructure Attack,Private Citizens & Property,Labor Union Related,,True,,0,0,Incendiary,2016-04-03
145,201604040076,Northern Ireland,Londonderry,The incident occurred in the Creggan neighborhood.,"04/04/2016: Assailants set fire to Holy Child Primary School in Londonderry, Northern Ireland, United Kingdom. There were no reported casualties in the attack. No group claimed responsibility for the incident.",False,True,False,Facility/Infrastructure Attack,Educational Institution,School/University/Educational Building,,True,,0,0,Incendiary,2016-04-04
146,201604140043,Northern Ireland,Belfast,The incident occurred in the Castlereagh area.,"04/14/2016: Assailants set fire to Cairnshill Methodist Church in Belfast, Northern Ireland, United Kingdom. There were no reported casualties in the attack. No group claimed responsibility for the incident.",False,True,False,Facility/Infrastructure Attack,Religious Figures/Institutions,Place of Worship,,True,,0,0,Incendiary,2016-04-14
147,201604150029,Northern Ireland,Belfast,The incident occurred in the Ardoyne area.,"04/15/2016: Assailants shot and killed Michael McGibbon in Belfast, Northern Ireland, United Kingdom. The New Irish Republican Army claimed responsibility for the attack.",False,True,False,Armed Assault,Private Citizens & Property,Named Civilian,The New Irish Republican Army,True,,1,0,Firearms,2016-04-15
148,201604180060,Northern Ireland,Londonderry,The incident occurred in the McGowan Park area of the Creggan neighborhood.,"04/18/2016: Assailants shot and injured a civilian in Londonderry, Northern Ireland, United Kingdom. No group claimed responsibility for the incident; however, sources attributed the attack to The New Irish Republican Army.",False,True,False,Armed Assault,Private Citizens & Property,Unnamed Civilian/Unspecified,The New Irish Republican Army,True,,0,1,Firearms,2016-04-18
149,201604180072,England,Aylsham,,"04/18/2016: Assailants set fire to St. John of the Cross Roman Catholic Church in Aylsham, England, United Kingdom. There were no reported casualties. No group claimed responsibility for the incident; however, a local government official suspected the possible involvement of anarchists in the attack.",False,True,False,Facility/Infrastructure Attack,Religious Figures/Institutions,Place of Worship,Anarchists,True,,0,0,Incendiary,2016-04-18
150,201604210056,England,Aylsham,,"04/21/2016: Assailants set fire to St Michael's Church in Aylsham, England, United Kingdom. There were no reported casualties. No group claimed responsibility for the incident; however, a local government official suspected the possible involvement of anarchists in the attack.",False,True,False,Facility/Infrastructure Attack,Religious Figures/Institutions,Place of Worship,Anarchists,True,,0,0,Incendiary,2016-04-21
151,201604240051,Northern Ireland,Belfast,The incident occurred in the Glen Road area.,"04/24/2016: Assailants launched a mortar shell containing rocks at a police vehicle in Belfast, Northern Ireland, United Kingdom. There were no reported casualties in the attack. No group claimed responsibility for the incident.",False,True,False,Facility/Infrastructure Attack,Police,Police Patrol (including vehicles and convoys),,True,,0,0,Other,2016-04-24
152,201604300033,Northern Ireland,Belfast,The incident occurred in the Hillman Street area.,"04/30/2016: Assailants abducted a civilian on Hillman Street in New Lodge neighborhood, Belfast, Northern Ireland, United Kingdom. The hostage was shot and injured before being released shortly after the kidnapping. No group claimed responsibility; however, sources attributed the attack to dissident Republicans.",False,True,False,Hostage Taking (Kidnapping),Private Citizens & Property,Unnamed Civilian/Unspecified,Dissident Republicans,True,,0,1,Firearms,2016-04-30
153,201605020051,Northern Ireland,Coagh,The incident occurred in the Windsor Terrace area.,"05/02/2016: Assailants threw a petrol bomb at a house in Coagh, Northern Ireland, United Kingdom. There were no reported casualties. No group claimed responsibility for the incident.",False,True,False,Armed Assault,Private Citizens & Property,House/Apartment/Residence,,True,,0,0,Incendiary,2016-05-02
154,201605060053,England,Prestwich,The incident occurred along Bury New Road in the Greater Manchester area.,"05/06/2016: Assailants set fire to Ta'am Deli and Grill in Prestwich, Manchester, England, United Kingdom. There were no reported casualties in the attack. No group claimed responsibility for the incident; however sources attributed the attack to Anti-Semitic extremists.",False,True,False,Facility/Infrastructure Attack,Business,Restaurant/Bar/Café,Anti-Semitic extremists,True,,0,0,Incendiary,2016-05-06
155,201605090052,Northern Ireland,Belfast,The incident occurred in the Lady street area.,"05/09/2016: Assailants shot and killed a delivery driver identified as Dan Murray in Belfast, Northern Ireland, United Kingdom. The New Irish Republican Army claimed responsibility for the incident and stated that Dan Murray was targeted because the group believed he was a drug dealer.",False,True,False,Armed Assault,Private Citizens & Property,Named Civilian,The New Irish Republican Army,True,,1,0,Firearms,2016-05-09
156,201605090053,Northern Ireland,Belfast,The incident occurred in the Antrim Road area.,"05/09/2016: Assailants shot and injured a civilian in Belfast, Northern Ireland, United Kingdom. No group claimed responsibility for the incident; however, sources attributed the attack to dissident republicans.",False,True,False,Armed Assault,Private Citizens & Property,Unnamed Civilian/Unspecified,Dissident Republicans,True,,0,1,Firearms,2016-05-09
157,201605090054,Northern Ireland,Belfast,The incident occurred at Carlisle Square in the New Lodge area.,"05/09/2016: Assailants shot and injured a civilian in Belfast, Northern Ireland, United Kingdom. No group claimed responsibility for the incident; hwoever, sources attributed the attack to dissident republicans.",False,True,False,Armed Assault,Private Citizens & Property,Unnamed Civilian/Unspecified,Dissident Republicans,True,,0,1,Firearms,2016-05-09
158,201605110039,Northern Ireland,Magherafelt,The incident occurred on Brookmount road.,"05/11/2016: Assailants set fire to Orange Hall in near Magherafelt, Northern Ireland, United Kingdom. There were no reported casualties in the attack. No group claimed responsibility for the attack.",False,True,False,Facility/Infrastructure Attack,Private Citizens & Property,Labor Union Related,,True,,0,0,Incendiary,2016-05-11
159,201605150028,Northern Ireland,Londonderry,The incident occurred in the Ballymagroarty area of the city.,"05/15/2016: Assailants shot and wounded a civilian in Londonderry, Northern Ireland, United Kingdom. No group claimed responsibility for the attack.",False,True,False,Armed Assault,Private Citizens & Property,Unnamed Civilian/Unspecified,,True,,0,1,Firearms,2016-05-15
160,201605150029,Northern Ireland,Cushendun,,"05/15/2016: An explosive device was discovered and defused in Cushendun, Northern Ireland, United Kingdom. No group claimed responsibility for the incident.",False,False,False,Bombing/Explosion,,,,True,,0,0,Explosives,2016-05-15
161,201605180061,Northern Ireland,Rathfriland,,"05/18/2016: Assailants set fire to the Rathfriland Baptist Church in Rathfriland, Northern Ireland, United Kingdom. There were no reported casualties in the attack. No group claimed responsibility for the incident.",False,True,False,Facility/Infrastructure Attack,Religious Figures/Institutions,Place of Worship,,True,,0,0,Incendiary,2016-05-18
162,201605220022,Northern Ireland,Carrickfergus,The incident occurred in the Castlemara Drive area.,"05/22/2016: Assailants threw a petrol bomb at police officers in Carrickfergus, Northern Ireland, United Kingdom. There were no reported casualties in the attack. No group claimed responsibility for the incident.",False,False,False,Armed Assault,Police,Police Security Forces/Officers,,True,,0,0,Incendiary,2016-05-22
163,201605290029,Northern Ireland,Carrickfergus,The incident occurred in the Castlemara Drive area.,"05/29/2016: Assailants threw a petrol bomb at a police vehicle in Carrickfergus, Northern Ireland, United Kingdom. There were no reported casualties in the attack. No group claimed responsibility for the incident; however, sources suspected the involvement of the South East Antrim Brigade.",False,False,False,Armed Assault,Police,Police Patrol (including vehicles and convoys),South East Antrim Brigade,True,,0,0,Incendiary,2016-05-29
164,201606110056,Northern Ireland,Londonderry,The incident occurred in the Bogside area.,"06/11/2016: Two assailants attacked and injured a civilian in Londonderry, Northern Ireland, United Kingdom. No group claimed responsibility for the incident; however, sources suspected that the attack was related to a larger trend of sectarian violence in Northern Ireland.",False,True,False,,Private Citizens & Property,Unnamed Civilian/Unspecified,,True,2,0,1,,2016-06-11
165,201606120039,Northern Ireland,Lisburn,,"06/12/2016: Three assailants threw petrol bombs at an apartment in Lisburn, Northern Ireland, United Kingdom. There were no reported casualties in the attack. No group claimed responsibility for the incident.",False,True,False,Facility/Infrastructure Attack,Private Citizens & Property,House/Apartment/Residence,,True,3,0,0,Incendiary,2016-06-12
166,201606160026,England,Birstall,,"06/16/2016: An assailant shot and stabbed Jo Cox in Birstall, England, United Kingdom. Cox, a Labour Party Member of Parliament, was killed and a bystander who intervened was injured in the assault. Tommy Mair, a neo-Nazi supporter, claimed responsibility for the incident and stated ""put Britain first"" as he attacked Cox, who supported Britain remaining in the European Union. Moreover, in court Mair identified himself as ""Death to traitors, freedom for Britain.""",False,True,False,Assassination,Government (General),Politician or Political Party Movement/Meeting/Rally,Neo-Nazi extremists,False,1,1,1,Firearms,2016-06-16
167,201606160037,Northern Ireland,Londonderry,The incident occurred in the Highmore road area.,"06/16/2016: Police discovered and defused two explosive devices in Londonderry, Northern Ireland, United Kingdom. No group claimed responsibility for the incident; however, sources attributed the attack to dissident Republicans.",False,False,False,Bombing/Explosion,,,Dissident Republicans,True,,0,0,Explosives,2016-06-16
168,201606260035,Northern Ireland,Derrytrasna,,"06/26/2016: Assailants set fire to Muckery Orange hall near Derrytrasna, Northern Ireland, United Kingdom. There were no reported casualties in the attack. No group claimed responsibility for the incident.",False,True,False,Facility/Infrastructure Attack,Private Citizens & Property,Labor Union Related,,True,,0,0,Incendiary,2016-06-26
169,201606270033,England,Walsall,The incident occurred in the Wednesbury road area of Pleck.,"06/27/2016: An assailant threw two petrol bombs into a halal butcher shop in Walsall, England, United Kingdom. An employee was injured in the attack. No group claimed responsibility for the incident.",False,True,False,Armed Assault,Business,Retail/Grocery/Bakery,,True,1,0,1,Incendiary,2016-06-27
170,201606290041,Northern Ireland,Carrickfergus,The incident occurred in the Dunluskin Gardens area.,"06/29/2016: Assailants shot and injured a civilian in Carrickfergus, Northern Ireland, United Kingdom. No group claimed responsibility for the incident.",False,True,False,Armed Assault,Private Citizens & Property,Unnamed Civilian/Unspecified,,True,,0,1,Firearms,2016-06-29
171,201607060017,England,Plymouth,,"07/06/2016: Assailants set fire to a shed at the home of Polish civilians in Plymouth, England, United Kingdom. There were no reported casualties in the attack. An unknown group claimed responsibility for the incident in a note left at the scene, urging the targeted family to return to Poland.",False,True,False,Facility/Infrastructure Attack,Private Citizens & Property,Race/Ethnicity Identified,,True,,0,0,Incendiary,2016-07-06
172,201607080020,England,Norwich,,"07/08/2016: Assailants set fire to a Romanian food shop in Norwich, England, United Kingdom. There were no reported casualties. No group claimed responsibility for the incident.",False,True,False,Facility/Infrastructure Attack,Business,Retail/Grocery/Bakery,,True,,0,0,Incendiary,2016-07-08
173,201607090026,Northern Ireland,Londonderry,The incident occurred in the Galliagh neighborhood,"07/09/2016: An explosive device was discovered and defused in Londonderry, Northern Ireland, United Kingdom. No group claimed responsibility for the incident; however, sources attributed the attack to dissident Republicans.",False,False,False,Bombing/Explosion,,,Dissident Republicans,True,,0,0,Explosives,2016-07-09
174,201607090027,Northern Ireland,Belfast,The incident occurred in the Lagmore View neighborhood,"07/09/2016: Assailants threw a petrol bomb at a Translink Metro bus in Belfast, Northern Ireland, United Kingdom. There were no reported casualties in the attack. No group claimed responsibility for the incident.",False,True,False,Armed Assault,Transportation,Bus (excluding tourists),,True,,0,0,Incendiary,2016-07-09
175,201607110029,Northern Ireland,Belfast,The incident occurred along Lanark Way,"07/11/2016: Assailants threw a petrol bomb at police officers in Belfast, Northern Ireland, United Kingdom. There were no reported casualties as the device failed to ignite. No group claimed responsibility for the incident.",False,False,False,Armed Assault,Police,Police Security Forces/Officers,,True,,0,0,Incendiary,2016-07-11
176,201607120031,Northern Ireland,Londonderry,The incident occurred in the Glenowen area,"07/12/2016: Assailants attacked and injured a civilian at his residence in Londonderry, Northern Ireland, United Kingdom. No group claimed responsibility for the incident.",False,True,False,Unarmed Assault,Private Citizens & Property,Unnamed Civilian/Unspecified,,True,,0,1,Melee,2016-07-12
177,201607120040,Northern Ireland,Carnlough,The incident occurred in the Drumalla Park neighborhood,"07/12/2016: An explosive device was discovered and defused in Carnlough, Northern Ireland, United Kingdom. No group claimed responsibility for the incident.",False,False,False,Bombing/Explosion,,,,True,,0,0,Explosives,2016-07-12
178,201607130040,Northern Ireland,Ballycastle,,"07/13/2016: Assailants set fire to a vehicle belonging to a Catholic family near Ballycastle, Northern Ireland, United Kingdom. There were no reported casualties in the attack. No group claimed responsibility for the incident; however, the words ""Taigs Out"" were discovered painted on the wall of a nearby building.",False,True,False,Facility/Infrastructure Attack,Private Citizens & Property,Religion Identified,,True,,0,0,Incendiary,2016-07-13
179,201607200039,England,Marham,The incident occurred outside the RAF Marham air base.,"07/20/2016: Two assailants attempted to abduct an off-duty soldier near the Royal Air Force (RAF) base in Marham, England, United Kingdom. One of the assailants was injured as the RAF soldier fended off the attack. No group claimed responsibility for the incident; however, sources attributed the attack to Muslim extremists.",False,False,False,Hostage Taking (Kidnapping),Military,"Military Personnel (soldiers, troops, officers, forces)",Muslim extremists,True,2,0,1,Melee,2016-07-20
180,201607220079,Northern Ireland,Belfast,The incident occurred in the church on the corner of Myrtledene Road and Myrtledene Drive,"07/22/2016: Assailants set fire to the Saintfield Road Presbyterian Church in Belfast, Northern Ireland, United Kingdom. There were no reported casualties in the attack. No group claimed responsibility for the incident.",False,True,False,Facility/Infrastructure Attack,Religious Figures/Institutions,Place of Worship,,True,,0,0,Incendiary,2016-07-22
181,201607220085,Northern Ireland,Dervock,The incident occurred along Carncullagh Road,"07/22/2016: Assailants set fire to the bus of the Dervock Young Defenders, a loyalist flute band, in Dervock, Northern Ireland, United Kingdom. There were no reported casualties in the attack. No group claimed responsibility for the incident.",False,True,False,Facility/Infrastructure Attack,Private Citizens & Property,Labor Union Related,,True,,0,0,Incendiary,2016-07-22
182,201607230036,Northern Ireland,Crumlin,,"07/23/2016: An explosive device was discovered and defused in Crumlin, Northern Ireland, United Kingdom. No group claimed responsibility for the incident.",False,False,False,Bombing/Explosion,,,,True,,0,0,Explosives,2016-07-23
183,201607240024,Northern Ireland,Belfast,,"07/24/2016: Assailants set fire to the Saintfield Road Presbyterian Church in Belfast, Northern Ireland, United Kingdom. There were no reported casualties in the attack. No group claimed responsibility for the incident.",False,True,False,Facility/Infrastructure Attack,Religious Figures/Institutions,Place of Worship,,True,,0,0,Incendiary,2016-07-24
184,201607260024,Northern Ireland,Belfast,The incident occurred in the Andersontown Crescent neighborhood,"07/26/2016: An explosive device was discovered and defused outside a civilian residence in Belfast, Northern Ireland, United Kingdom. No group claimed responsibility for the incident.",False,False,False,Bombing/Explosion,Private Citizens & Property,House/Apartment/Residence,,True,,0,0,Explosives,2016-07-26
185,201607300012,Northern Ireland,Tandragee,,"07/30/2016: Assailants threw a petrol bomb at a house in Tandragee, Northern Ireland, United Kingdom. There were no reported casualties in the attack. No group claimed responsibility for the incident.",False,True,False,Facility/Infrastructure Attack,Private Citizens & Property,House/Apartment/Residence,,True,,0,0,Incendiary,2016-07-30
186,201607300014,Northern Ireland,Lisburn,The incident occurred in the Market Place neighborhood,"07/30/2016: An explosive device, intending to target a prison officer, was discovered and safely defused in Lisburn, Northern Ireland, United Kingdom. No group claimed responsibility for the incident; however, sources suspected that The New Irish Republican Army was involved in the attack.",False,False,False,Bombing/Explosion,Police,Police Security Forces/Officers,The New Irish Republican Army,True,,0,0,Explosives,2016-07-30
187,201608020071,Northern Ireland,Belleek,,"08/02/2016: Assailants opened fire on a van in front of the Carlton Hotel in Belleek, Northern Ireland, United Kingdom. There were no reported casualties in the assault. No group claimed responsibility; however, authorities suspected that the attack may have been carried out by dissident republicans.",False,True,False,Armed Assault,Private Citizens & Property,Vehicles/Transportation,Dissident Republicans,True,3,0,0,Firearms,2016-08-02
188,201608030027,England,Aldershot,,"08/03/2016: Assailants attempted to abduct a British Army soldier in Aldershot, Hampshire, United Kingdom. The kidnapping attempt was unsuccessful and there were no reported casualties in the attack. No group claimed responsibility for the incident.",False,False,False,Hostage Taking (Kidnapping),Military,"Military Personnel (soldiers, troops, officers, forces)",,True,2,0,0,,2016-08-03
189,201608080067,Northern Ireland,Belfast,The incident occurred in the North Queen street area.,"08/08/2016: Assailants threw an explosive device at a police vehicle in Belfast, Northern Ireland, United Kingdom. There were no reported casualties as the device was discovered and defused the following morning. No group claimed responsibility for the incident; however, sources attributed the attack to dissident Republicans.",False,False,False,Bombing/Explosion,Police,Police Patrol (including vehicles and convoys),Dissident Republicans,True,,0,0,Explosives,2016-08-08
190,201608130025,Northern Ireland,Londonderry,The incident occurred in the Fahan street area.,"08/13/2016: Assailants threw incendiary devices at police officers as they were inspecting a fake explosive device in Londonderry, Northern Ireland, United Kingdom. There were no reported casualties in the attack. No group claimed responsibility for the incident.",False,True,False,Armed Assault,Police,Police Security Forces/Officers,,True,,0,0,Explosives,2016-08-13
191,201608150053,Northern Ireland,Ballyronan,The incident occurred in the Salterstown road area.,"08/15/2016: Assailants set fire to Salterstown Orange Hall near Ballyronan, Northern Ireland, United Kingdom. There were no reported casualties in the attack. No group claimed responsibility for the incident.",False,True,False,Facility/Infrastructure Attack,Private Citizens & Property,Labor Union Related,,True,,0,0,Incendiary,2016-08-15
192,201608160035,Northern Ireland,Londonderry,The incident occurred in the Leckey road area of Bogside.,"08/16/2016: Assailants threw an explosive device at a police patrol in Londonderry, Northern Ireland, United Kingdom. There were no reported casualties as the device failed to detonate. No group claimed responsibility for the incident; however, sources attributed the attack to dissident republicans.",False,False,False,Bombing/Explosion,Police,Police Patrol (including vehicles and convoys),Dissident Republicans,True,,0,0,Explosives,2016-08-16
193,201608180028,Northern Ireland,Londonderry,The incident occurred in the Bogside area.,"08/18/2016: Assailants threw a petrol bomb at the Dove House community center in Londonderry, Northern Ireland, United Kingdom. There were no reported casualties in the attack. No group claimed responsibility for the incident.",False,True,False,Facility/Infrastructure Attack,Private Citizens & Property,"Public Area (garden, parking lot, garage, beach, public building, camp)",,True,,0,0,Incendiary,2016-08-18
194,201608250030,Northern Ireland,Belfast,The incident occurred on Atlantic Avenue.,"08/25/2016: An explosive device was discovered and defused at a Slovakian family's residence in Belfast, Northern Ireland, United Kingdom. No group claimed responsibility for the incident.",False,False,False,Bombing/Explosion,Private Citizens & Property,Race/Ethnicity Identified,,True,,0,0,Explosives,2016-08-25
195,201609050069,Northern Ireland,Portadown,,"09/05/2016: Security forces discovered and defused a pipe bomb at the house of a police officer in Portadown, Northern Ireland, United Kingdom. No group claimed responsibility for the incident.",False,False,False,Bombing/Explosion,Police,Police Security Forces/Officers,,True,,0,0,Explosives,2016-09-05
196,201609180026,Scotland,Edinburgh,The incident occurred in the Potterrow area of the city.,"09/18/2016: An assailant threw an incendiary device at the Edinburgh Central Mosque in Edinburgh, Scotland, United Kingdom. There were no reported casualties in the attack. Thomas Conington, identifed as an anti-Muslim extremist, confessed to carrying out the incident.",False,True,False,Facility/Infrastructure Attack,Religious Figures/Institutions,Place of Worship,Anti-Muslim extremists,False,1,0,0,Incendiary,2016-09-18
197,201609210135,Northern Ireland,Larne,,"09/21/2016: Assailants attacked a house in Larne, Northern Ireland, United Kingdom. There were no reported casualties in the attack. This was one of two related attacks on this day. No group claimed responsibility for the incident.",True,True,False,Facility/Infrastructure Attack,Private Citizens & Property,House/Apartment/Residence,,True,,0,0,Melee,2016-09-21
198,201609210136,Northern Ireland,Larne,,"09/21/2016: Assailants attacked a house in Larne, Northern Ireland, United Kingdom. There were no reported casualties in the attack. This was one of two related attacks on this day. No group claimed responsibility for the incident.",True,True,False,Facility/Infrastructure Attack,Private Citizens & Property,House/Apartment/Residence,,True,,0,0,Melee,2016-09-21
199,201609260015,Northern Ireland,Londonderry,The incident occurred in the Sperrin Park area.,"09/26/2016: An explosive device detonated outside a civilian residence in Londonderry, Northern Ireland, United Kingdom. There were no reported casualties in the blast. No group claimed responsibility for the incident.",False,True,False,Bombing/Explosion,Private Citizens & Property,House/Apartment/Residence,,True,,0,0,Explosives,2016-09-26
200,201610050039,England,Middlesbrough,,"10/05/2016: Assailants set fire to the vehicle of Charlie Rooney, a deputy mayor, in Middlesbrough, England, United Kingdom. There were no reported casualties in the attack. No group claimed responsibility for the incident.",False,True,False,Facility/Infrastructure Attack,Government (General),Politician or Political Party Movement/Meeting/Rally,,True,,0,0,Incendiary,2016-10-05
201,201610130033,Northern Ireland,Belfast,The incident occurred in the Ligoniel area.,"10/13/2016: Assailants set fire to a residence in the Ligoniel area in Belfast, Northern Ireland, United Kingdom. At least two people were injured in the attack. No group claimed responsibility for the incident.",False,True,False,Facility/Infrastructure Attack,Private Citizens & Property,House/Apartment/Residence,,True,,0,2,Incendiary,2016-10-13
202,201610160026,Northern Ireland,Belfast,The incident occurred in the Ligoniel area.,"10/16/2016: Assailants abducted Peter Lagan in Belfast, Northern Ireland, United Kingdom. Lagan was shot and injured before being released later the same day. Oglaigh na hEireann claimed responsibility for the incident.",False,True,False,Hostage Taking (Kidnapping),Private Citizens & Property,Named Civilian,Oglaigh na hEireann,True,,0,1,Firearms,2016-10-16
203,201610160043,Northern Ireland,Ballymena,The incident occurred in the Ballykeel neighborhood along Barra drive.,"10/16/2016: Assailants threw a petrol bomb at a house in Ballymena, Northern Ireland, United Kingdom. There were no reported casualties, although the house was damaged in the attack. No group claimed responsibility for the incident.",False,True,False,Facility/Infrastructure Attack,Private Citizens & Property,House/Apartment/Residence,,True,,0,0,Incendiary,2016-10-16
204,201610200029,Northern Ireland,Belfast,The incident occurred in the Poleglass area.,"10/20/2016: Assailants shot and killed Joe Reilly, a civilian, at his residence in Belfast, Northern Ireland, United Kingdom. The New Irish Republican Army claimed responsibility for the incident and stated that Joe Reilly was targeted because the group believed he was a drug dealer.",False,True,False,Armed Assault,Private Citizens & Property,Named Civilian,The New Irish Republican Army,True,,1,0,Firearms,2016-10-20
205,201610250037,Northern Ireland,Londonderry,The incident occurred at the Museum of Free Derry.,"10/25/2016: Assailants set fire to construction materials at the Museum of Free Derry in Londonderry, Northern Ireland, United Kingdom. There were no reported casualties in the attack. No group claimed responsibility for the incident.",False,True,False,Facility/Infrastructure Attack,Private Citizens & Property,Museum/Cultural Center/Cultural House,,True,,0,0,Incendiary,2016-10-25
206,201611080032,England,London,,"11/08/2016: Assailants attacked a Turkish mosque in London, England, United Kingdom. No casualties were reported, though the mosque was damaged in the attack. The Kurdistan Workers' Party (PKK) claimed responsibility for the incident and wrote anti-Turkish graffiti on the mosque.",False,True,False,Facility/Infrastructure Attack,Religious Figures/Institutions,Place of Worship,Kurdistan Workers' Party (PKK),True,,0,0,Other,2016-11-08
207,201611090037,England,Perranporth,,"11/09/2016: Assailants set fire to Chimney Stax Club in Perranporth, England, United Kingdom. There were no reported casualties in the attack. No group claimed responsibility for the incident.",False,True,False,Facility/Infrastructure Attack,Business,Entertainment/Cultural/Stadium/Casino,,True,,0,0,Incendiary,2016-11-09
208,201611100009,Northern Ireland,Londonderry,The incident occurred along Westland street.,"11/10/2016: An explosive device was discovered and defused on Westland Street in Londonderry, Northern Ireland, United Kingdom. No group claimed responsibility for the incident; however, sources attributed the attack to dissident Republicans.",False,False,False,Bombing/Explosion,,,Dissident Republicans,True,,0,0,Explosives,2016-11-10
209,201611120020,Northern Ireland,Belfast,The incident occurred along Madrid Street.,"11/12/2016: Assailants threw an incendiary device at a house on Madrid Street in Belfast, Northern Ireland, United Kingdom. There were no reported casualties. No group claimed responsibility for the incident.",False,True,False,Facility/Infrastructure Attack,Private Citizens & Property,House/Apartment/Residence,,True,,0,0,Incendiary,2016-11-12
210,201611130037,Northern Ireland,Ballymoney,The incident occurred along the Bann street.,"11/13/2016: Assailants shot and wounded Paul Kelly, a Catholic civilian, in Ballymoney, Northern Ireland, United Kingdom. No group claimed responsibility for the incident; however, sources suspected that Loyalists may have been involved in the attack.",False,True,False,Armed Assault,Private Citizens & Property,Religion Identified,Loyalists,True,,0,1,Firearms,2016-11-13
211,201611250041,Northern Ireland,Strabane,The incident occurred in the Springhill Park area.,"11/25/2016: Two explosive devices were discovered and defused at Springhill Park in Strabane, Northern Ireland, United Kingdom. No group claimed responsibility for the incident.",False,False,False,Bombing/Explosion,Private Citizens & Property,"Public Area (garden, parking lot, garage, beach, public building, camp)",,True,,0,0,Explosives,2016-11-25
212,201612070013,Northern Ireland,Tandragee,The incident occurred in the Market Street area.,"12/07/2016: Assailants threw a petrol bomb at a house in Tandragee, Northern Ireland, United Kingdom. There were no reported casualties. No group claimed responsibility for the incident.",False,False,False,Facility/Infrastructure Attack,Private Citizens & Property,House/Apartment/Residence,,True,3,0,0,Incendiary,2016-12-07
213,201612120024,England,London,The incident occurred in the Forest Hill area.,"12/12/2016: An assailant stabbed and injured Muhammed Askar Ali at a train station in Forest Hill area, London, United Kingdom. The assailant, identified as Adrian Brown, stated ""Who is a Muslim? I want to kill a Muslim.""",False,True,False,Armed Assault,Private Citizens & Property,Religion Identified,Anti-Muslim extremists,False,1,0,1,Melee,2016-12-12
214,201612150018,Northern Ireland,Armagh,,"12/15/2016: An explosive device detonated in Armagh, Northern Ireland, United Kingdom. There were no reported casualties in the blast. No group claimed responsibility for the incident.",False,True,False,Bombing/Explosion,,,,True,,0,0,Explosives,2016-12-15
215,201612180024,Northern Ireland,Belfast,The incident occurred in the Aitnamona Crescent area.,"12/18/2016: Assailants shot and injured a civilian in Belfast, Northern Ireland, United Kingdom. No group claimed responsibility for the incident; however, sources suspected that Oglaigh na hEireann may have carried out the attack, which the group denied.",False,True,False,Armed Assault,Private Citizens & Property,Unnamed Civilian/Unspecified,Oglaigh na hEireann,True,,0,1,Firearms,2016-12-18
216,201612220011,Northern Ireland,Dunmurry,The incident occurred in the Colinbrook Park area.,"12/22/2016: Assailants threw an explosive device at a residence in Dunmurry, Northern Ireland, United Kingdom. There were no reported casualties in the blast. No group claimed responsibility for the incident.",False,True,False,Bombing/Explosion,Private Citizens & Property,House/Apartment/Residence,,True,,0,0,Explosives,2016-12-22
217,201612220012,Northern Ireland,Coalisland,The incident occurred in the Stewartstown Road area.,"12/21/2016: Assailants threw an explosive device at a house in Coalisland, Northern Ireland, United Kingdom. There were no reported casualties. No group claimed responsibility for the incident.",False,False,False,Bombing/Explosion,Private Citizens & Property,House/Apartment/Residence,,True,,0,0,Explosives,2016-12-21
218,201612300009,Northern Ireland,Belfast,The incident occurred in the Blythe Street area.,"12/30/2016: An explosive device was discovered and defused in Belfast, Northern Ireland, United Kingdom. No group claimed responsibility for the incident.",False,False,False,Bombing/Explosion,,,,True,,0,0,Explosives,2016-12-30
